fixed_acidity,volatile_acidity,citric_acid,residual_sugar,chlorides,free_sulfur_dioxide,total_sulfur_dioxide,density,pH,sulphates,alcohol,quality
9.144414060119097,0.5808238512592082,-0.03294125517092973,3.5597840633034927,0.13109933888087189,28.99355436586002,50.007184084733034,0.9939061780346361,3.272565533834274,0.9541905097204813,9.724821725025619,1
8.064950688008986,0.6153333694825999,0.15611874563878317,1.2089685461513244,0.06274589777378342,24.24633682912769,32.2590226839919,0.9970733055050546,3.5062314628722278,0.6402942697896608,10.255481329284482,0
9.401070514771177,0.7041187113397971,0.2709963029464548,3.7174482881479243,0.09151767651622622,15.59630369920174,49.913520097033086,0.998371408309326,3.2031053731313195,0.536654917294326,9.607580079000039,1
10.889150755893644,0.6991463488459335,0.278926312815301,4.397893002326931,0.06527306143086299,8.530632222944261,63.385536929164424,0.9974379066213301,3.180121199002462,0.4078056971819477,10.09203847036096,0
7.90193926297033,0.2857962074472945,0.18448756041894374,3.078808864513181,0.06657867731068116,21.9822331361359,47.56352225042254,0.9979920953716116,3.227588471672695,0.3614976517990488,8.506385333046214,0
7.901967173186394,0.36056974321442914,0.3883414871460248,5.127514137581292,0.07246891019697395,18.934853854217497,47.29893411852424,0.9944864098228611,3.157000708761193,0.39653824911912167,10.61329370737294,1
10.984661786362565,0.6075559954254722,0.06715211841730709,1.4166951212549979,0.0974402872667845,23.951932200277323,23.53626599018382,0.9931563786665163,3.3184005473992193,0.6927402641618373,10.401205475362225,1
9.604639039559945,0.6073436116550756,0.24294789784595425,0.7574834153640163,0.06449881478181657,21.351718016819696,24.787170638369652,0.999002667303911,3.543701768770434,0.7313960037167895,9.58291136893181,0
7.501893543910582,0.6075581066720281,0.2928561700252608,0.009791651534010118,0.14602053790195546,25.49552715319335,1.1166313024098073,0.9953546403223157,3.348461890967404,0.39700948767485866,11.059245668432405,0
9.22235207409614,1.1749643534113026,0.36774337847116234,4.594462036084856,0.044953456795683314,9.64764788439432,101.98645578198206,0.9954983339670899,3.2621469746810567,0.7932061302521785,11.337570137626559,0
7.512189922218815,0.6170513868178384,0.405206826836889,3.4161119188956808,0.07821703272441612,28.173940656343255,6.196376467478878,0.9986563882836981,3.256228309662668,0.5727102317306497,8.792440135631026,0
7.508259418930564,0.7130461588307019,0.0563180025508049,2.422181460725363,0.06633264026111377,16.975996046923996,23.827033670530966,0.9971124600188013,3.065521378695501,0.6734868819176879,9.637275221433786,0
8.711335861662258,0.6821802997938444,-0.02148169243976822,2.8919560768477486,0.15500796056462543,35.75260872625265,23.010967501785682,0.9969117755441632,3.4324664665720737,0.9079553005208679,9.630857650212702,1
5.047423584081744,0.6307365127219857,0.5127585961607167,0.924315333782273,0.096238074496044,8.108121819104321,74.63758006222213,1.0003300046898023,3.2883244204480797,0.7934942905384851,9.460096898891136,0
5.367639684727845,0.46640422841114126,0.3331396622761224,5.924052771463557,0.13549669335502584,32.359638031652494,36.56161029465511,0.9947129635392397,3.272928012961406,0.6070350963350668,11.229474841931749,0
7.344111200290347,0.6490247674838554,,2.6809096547653186,0.01717866246726231,16.97910783462648,85.92774632555948,0.9978556802561624,3.778966135176729,0.507409243933554,10.206173861227196,0
6.57818709543148,0.3886197135286128,0.5647188753492793,2.65315271244685,0.09955136249585515,8.485819963855516,24.448300024196207,0.9961140262497942,3.344812936254853,0.30570953578731125,10.13548515868939,0
8.834220465411967,0.4797408368541985,0.29197818051564317,3.516073273458169,0.12881264739430154,10.161141659456785,54.92781319116166,0.9965371845577266,3.187231342485722,0.5349354689212128,8.396137635593247,0
6.756359071613942,0.43748819686905244,0.49406646497212703,3.1734129244313984,0.09086734749594493,11.796526918056799,19.268894295687765,0.999056936852825,3.2360463605691683,0.616219161787569,11.035418030209227,1
5.8990837077300045,0.5339186036956749,0.2828285114679207,2.813437633990784,0.1370775776280715,19.241659464019165,114.64477208874843,0.9970156715125792,3.472266856379513,0.49205127565581064,9.160741605146528,0
10.791602907166643,0.9134919563344965,0.6615421057275775,1.3933357623765634,0.0626874428452825,20.228354880354996,7.9968505910555905,0.9970765921580993,3.3169905615806643,0.6289988852652313,10.459932630266328,0
7.91618028917289,0.2025649172594028,0.6035147600642089,3.160055699990394,0.15323932968872225,9.26299996061421,55.914262727264884,0.9981450146746196,3.084258303252395,0.6622963012734029,10.677376937958192,0
8.414797947969472,0.6366642323636673,0.22269681178897605,5.134834295065047,0.19504821181010476,14.756454077390172,66.28086018982715,0.9952700945409142,3.4378843401862804,0.6140230429107074,11.76065859583865,1
5.877928083437125,0.24583830189775918,0.4545984806813275,4.383588064616968,0.06994658765933602,36.42270358611864,59.24157111844794,0.994321580665322,3.1997783871691508,0.5459995870682465,9.091179600880889,0
7.37454936830719,0.4397715828157963,0.39262143042117803,4.730461277295156,0.06606138149416373,32.275431701007115,40.07079491591333,0.9939103816119579,3.5809946664326318,0.6769847475146764,7.380487844179175,0
8.488568402506774,0.7051216014844524,0.5300399959311463,1.7842980529963406,0.15530907042453193,19.36323669674032,41.845737608530364,0.992067286821248,3.4620072098571972,0.7207105039311055,10.583849544753695,1
6.343310918382086,0.5309276032462287,0.08666454248978017,1.1145532516379868,0.16123989084934348,15.380034781682003,47.40196710333151,1.0001124142598807,3.2329017156511872,0.47553614760914464,12.200511181510855,1
8.938686631187643,0.33678338775201794,0.4003497773997035,2.323898311860493,0.062425578723796386,16.20031326718261,41.29593594788837,0.9937935832685566,3.4921524542602667,0.8757491807594032,11.638946352939438,1
7.278914227138032,0.3983983694258054,0.4711006525014217,2.5780148772041724,0.06725121959649469,21.135179727304166,76.84413173743711,0.9955574927528285,3.3101783265791105,0.6342258988345182,10.609659415274626,0
7.80412062535143,0.635531617318895,-0.0641605024203917,4.031868125859328,0.07375612338355615,4.772074348015945,116.73673605092324,0.9954463734002221,3.427916051268333,0.6530159396711757,9.908363814367952,1
7.277098759210026,0.3958376726080868,,0.13054951839925302,0.023810825981388974,12.426234625766549,28.16026287974932,0.9966148133956182,3.3727099225941712,0.7633143077210492,11.20712259663731,0
11.448872913665195,0.5567979602289358,-0.1174541137744191,4.641370447244859,0.043823358515242675,-1.685840738775899,2.1663046534695027,0.9976314744250786,3.1730465017513687,0.6873145810021603,9.426453800295532,1
8.277054717945513,0.5277472127836483,0.21881270145553405,2.278788941989415,0.039805383962652804,18.99223122605279,43.17497445275985,0.9977209469767195,3.2034675251523805,0.8025018614261192,10.87635776935622,0
6.501891420774971,0.40922794090701115,0.4063330286012328,1.902366502073612,0.05091351444010596,21.471959397027412,128.55069880493818,0.9948338451228621,3.454494122637174,0.6959398664322919,10.905470159166628,1
9.698326350575423,0.8844704951853054,0.5554478398982453,1.0830538746357652,0.08536981029282129,10.16813537700626,20.282413824968614,0.9956657565724272,3.2497837001840186,0.55201002005753,11.46020990749888,0
6.224565795049263,0.6277662337940619,0.2840780082797573,0.18320065938792243,0.09800809242921645,30.739867632900328,98.45173777421016,0.9965651599009766,3.2394527305137,0.7078405640329762,13.159660038911078,1
8.655068111508085,0.17572576026820677,0.5794369536585454,3.65243881754668,0.1598735231622616,2.74234336997659,99.6864260504461,0.9955026177476329,3.156731613097597,0.46700380682869413,10.792415967178767,1
4.968560789404382,0.5516972335108027,0.007780722939170651,2.6026451540637656,0.04007736008527682,0.35625119790180015,28.285176265344173,0.99921469115204,3.363539859839019,0.6673695529242437,9.8910363742925,0
6.042083716872669,0.40749630098937406,-0.05364266347747937,0.6940547403625247,0.13326315272839942,17.24451818559972,64.20745853392881,0.9969819499032765,3.6093787378864715,0.6446832014968863,10.374425687808007,0
8.63466410097751,0.6649136669153581,0.25944593720964243,0.6868897191109375,0.07694252432140107,25.470983026121544,98.10869194011322,0.9974697555720996,3.139870062861859,0.6167013028363937,8.630924095110881,0
9.555393185992198,0.3852714744664409,0.3429724352984684,2.0299014209938204,0.08467520564633564,31.839276914578686,33.86791228840041,0.9973257625373348,3.3036329185009135,0.6294339981697711,9.705286868910942,0
8.59132607802295,0.5004948049506271,0.2637879978621223,4.83663013540515,0.11871651613183036,10.4111573713106,39.48542847672442,0.9983469477149707,3.511833083312314,0.3489041527203778,9.990717561886896,1
8.103397919939992,0.6058478374266777,-0.12281399900757654,2.136572108090953,0.03423206498657196,25.786808334312955,27.3862107536434,0.9963620431174074,3.2880537913131427,0.5622040147614462,9.875911602065408,1
7.78812371749821,0.6671783830089206,0.2530671924925702,0.39559986563465144,0.10497325807065037,14.614915304992929,13.52778461782826,0.9934063361040883,3.36785576943746,0.6648551841825784,10.552354872033723,0
5.786512616375374,0.31594961080051803,0.022150794904077904,2.1559597102796784,0.09482325378601363,13.273727000591803,25.223118557887773,0.9967993759035053,3.1406409707779677,0.6755770227195841,9.5775800676178,1
7.076264845728996,0.46313478990703877,,2.118187002353262,0.11014520940838299,23.836599374866722,6.833911463607791,0.9946972862124164,3.364246064581147,0.4855719774518467,11.521030667324471,1
7.516914089368362,0.43925929710263745,0.3396536667584012,-1.2756413001182,0.10059092626366745,21.523228784134197,47.09067098429524,0.9949427666365005,3.2719283602493174,0.8525132545383521,10.400207064918197,0
10.097107784572158,0.408934030462469,0.09142284059780252,2.423987186875063,0.20239910657581203,-0.7639215698424939,21.360856606123473,0.9971727280375102,3.447859499351979,0.5114120242856799,10.390699678861374,0
8.884151092266386,0.8201272208477866,0.17236528570602824,2.176691657707851,0.05702622074018814,29.76540349725896,53.48114917730393,0.9984765661428673,,0.8051131520842779,10.072105283487083,0
5.302831735883353,0.5888468908633625,0.06874943084109922,3.4746889107387857,0.062043143114914566,28.800913541474515,-3.7886606785160737,0.9960425431534721,3.688434546302792,0.7183510978994696,10.55519068385898,1
8.850942747971152,0.30564972776304233,0.25809097151809735,5.088538532923483,0.05771239525803607,8.744372984904706,56.588167430862626,0.996617666025198,3.3869449759820363,0.5466036304249916,11.225098264667634,1
7.645360123292263,0.6760365309993119,0.45147704089523527,4.07719104136686,0.060892575399468025,18.95803533437409,72.67292677148559,0.9994044298892705,3.3488694474873246,0.9340497428175218,9.532869784289101,1
7.149232599479871,0.8807665534921477,0.08271205119624671,2.123555833223237,0.05704280501659366,19.94030186282739,-17.799540562286573,0.9964815063589771,3.3291576452366,0.4590181069189632,9.741883510924744,0
9.339849691029476,0.695519094293695,0.36576883794839044,0.950863727761662,0.14288377696205493,17.60673765823907,57.96981023512231,1.0012033662283608,3.2470250560783964,0.7970646677776003,10.096273971223336,0
10.052699188243118,0.2617071057878177,0.16925105250923628,6.102703724549804,0.15376369965552317,9.496948461545799,85.28540775914536,0.9971310192912631,3.3507725765192533,0.8100931708868766,9.054129076526785,0
9.883176202497538,0.4376802076127373,0.11935416187015463,2.5829058076202838,0.06017492419377461,8.283766320619485,7.291487401881426,0.9924784744816884,3.2556897884791454,0.5427007665477368,9.580742140278502,1
6.873330210521515,0.7353748953617258,0.24966423160863402,2.519501008678125,0.047879288064101244,14.744459290085548,99.52231637880651,0.997506683242209,3.325269146440442,0.8727944480102926,9.923779126455342,0
7.774338961052936,0.3996961908448073,0.07330395874031893,2.4662248780459954,0.10915653115016098,26.727290192593646,59.40860829971345,0.9967623167697656,3.497639630341194,0.6099925576641676,11.274389180712728,1
8.86314783338606,0.5954493027848589,0.16480663198403542,2.7773186650749975,0.06104551691879433,20.436001545944322,23.439620615730917,0.9985795055081655,3.1490186152080537,0.6961909806847771,10.662561329001926,0
9.958426716108011,0.6516877890829873,0.042403200408118805,2.29789542330648,0.11674779543450901,11.29385667913894,44.21538951495341,0.99734636270254,3.4709817841693567,0.6916514942033953,10.593589911367545,1
7.485403795663008,0.3624218198317259,0.643297775254114,1.6968731903676693,0.09653738198001108,22.716987106483447,63.86646120069511,0.9957230880320325,3.4975672601009795,0.6285106013647124,11.250897962167972,1
7.984379739671511,0.509880689469494,0.27670007487462844,1.7343974822634511,0.015760026595130094,-13.485426206300755,48.43217252519717,0.9935514035274212,3.282289720951338,0.7797293237055651,10.262628211600603,1
6.419230544189753,-0.03101544781174236,0.13705215348140878,2.454145421697602,0.1597327444625129,26.487657003721033,63.240191758283814,0.995581953485428,2.9817217651487105,0.7769581952883541,10.79046484992889,1
6.26644873906286,0.3458541009731707,0.3106561830395022,1.7392053204127291,0.1714062506354895,-2.3971377877809963,16.53844502146028,0.9942989590915814,3.208826701935835,0.3702348842818911,10.296778247067504,0
9.681293898070138,0.4770634142631628,0.24865767055874238,1.5020159042519698,0.05819893154723385,11.375590585968679,51.419546369154496,0.9948389531003905,3.494549181984166,0.8586944388605044,10.66536234939963,1
10.6056080485704,0.30787685906597556,0.22801577608868773,2.6490023187686558,0.06877802668300874,3.8033010537385614,0.761136099040634,0.9971771568088412,3.2965697906551674,0.3840012819142921,9.817241342388419,1
8.177582793313434,0.797509921668378,0.3866916730082508,2.1430318956108025,0.10043567336407054,2.0531852427909447,42.44076603684159,0.9993398090087028,3.150104665155763,0.8152073926946652,7.961182841723572,0
10.006005926416442,0.27687596574669243,0.413926464908988,4.605590184015764,0.10271946912939017,26.60826787378519,17.074955473126728,0.996789343059646,3.224283761815767,0.8302728218924134,10.265720837813696,1
8.914781242580979,0.44519243726151275,0.1692047819539998,-1.2113577317502167,0.11795158081562303,10.322987986881087,22.46304183712747,0.9936082338759297,3.4260930039756827,0.4754453711655683,11.822748136099941,1
7.203296417171289,0.5422258981386355,,4.028109592691447,0.18147961332201842,18.465038817307157,85.554981606734,0.9968892053364403,3.382010035230207,0.5842697139272665,11.326215402241592,1
8.914372529364304,0.7650164591412397,0.21774017754118766,4.2445192694966805,0.07868348030777968,14.530794211208159,80.9219238590166,0.9983932629732913,3.264160185124546,0.4730872530422503,11.36539748459117,1
10.914662162992148,0.2759034342994953,-0.1673650212997611,-0.40274632537140903,0.04948002950669267,19.770408272231215,65.49241986902966,0.9947804341913612,3.2449763382277967,0.6156126351538024,11.636130721806218,1
8.239095733513084,0.7177378378663432,-0.017886301817724874,2.020237368287512,0.022171996283317213,15.768218910602554,11.045991530477473,0.9957319656666541,3.2412362776434267,0.6007145145302815,10.488657590961438,0
10.95989421488381,0.5217396203733298,0.5297061108144596,1.979982787605892,0.0526462881227298,2.170077758114304,35.87492960976634,0.9960293763894584,3.1616384723252247,0.7747456851630944,10.597315707405597,1
3.8464333230474352,0.35314352932184834,0.582543865565244,0.5294836273950504,0.08544303227493152,24.9626681944714,84.81912639933387,0.9944302033738355,3.542306353420416,0.8596493993791374,9.78234810456565,0
9.69723425743788,0.598557590624756,0.22268315248428813,1.4110566373727746,0.17134421958533602,10.062434168386876,50.53494123647695,0.9972965608676877,3.2516519296182986,0.873309409726393,10.08392714397295,0
8.447980016004893,0.55384014824749,0.37954582298059564,0.9451938163478398,0.06267226894529994,-0.5658189865975105,120.21854527941422,0.9957581037027844,3.4825737781238244,0.5600531157474716,11.015771149771142,1
7.791687504208025,0.4179631308830049,0.3291375293632719,4.9531786207930715,0.09751803372702822,10.718848390340876,58.5861708606199,0.996839064887814,3.5281974077883675,0.6165245002008756,11.603884437168816,0
8.455993320110355,0.5318663544483032,0.8549873536064951,3.8099497504064455,0.08622812388458065,30.007597906343108,52.14557172768101,0.9942250156443958,3.4497466347221937,0.380649889244648,10.260553724319001,1
4.921132845178483,0.45449668853350084,0.4827192331725696,4.280177132991822,0.14285448385205995,23.50221742113493,36.10827314551996,0.9951250833993531,3.2352569530922928,0.5210607893606098,9.949810735148588,0
7.92655779067623,0.5392979486927122,0.2456956576186544,3.510340889660529,0.20576582401606022,11.513478655921409,50.27330895303302,0.9974447627156555,3.3605595135504913,0.8043762612955933,10.400527958856598,0
8.907091371569969,0.6325622146685779,0.08844731628591912,0.9193275202958795,0.062049167672744925,11.507422956815713,41.12096523582261,0.9952543336958165,3.2963706590413624,0.9084932517677171,11.001206748929116,0
10.812419876060577,0.7896228587447098,-0.03522480084893876,1.7656716272083168,0.06399634620164356,11.783649487826175,68.6594776540349,0.9994539277024668,3.1644447208904807,0.4525041804992125,8.95614518386646,1
7.4189406289348,0.3095713651994357,0.3086580908147724,3.185124385719085,0.13607556122224637,35.76747983560841,76.6144741374267,0.9952007276287708,3.3486538922582403,0.5552057185355369,8.103819046862762,0
6.925560875081582,0.8826156736915654,0.12629335839598238,0.7890210675512765,0.11904890001243663,18.819354522315532,20.848337263745616,0.9964493694515038,3.1231440313260292,0.6457750788865717,9.849463150508416,0
7.447013025906289,0.18814507408117467,-0.00022820482355807674,3.4981978022413434,0.17379524430959356,19.300416471910697,3.4005454861511026,0.9978651816637462,3.4781519082692345,0.694825785411137,9.179287574085842,0
9.856183600093527,0.49419653384395085,0.14715115199391995,2.163544442578611,0.1144446247103203,25.302834540318422,-12.75857193930549,0.993163268534134,3.2303074054052408,0.5204634368125366,9.89185980235269,1
8.858876886421465,0.620013925102378,0.06450587931326493,1.975250869430564,0.0701132717330082,17.387891590265134,62.2557224612014,0.9924783823760385,3.3301739483809256,0.7178497671142544,10.25221968118253,0
7.399407653596035,0.5677686175149556,0.5905569106637873,3.495343955484888,0.11476077704253854,12.40957854179297,10.692268602436044,0.9929486873708598,3.342493180731921,0.5741857044686535,9.946751590976987,0
9.172554636292706,0.41414108163049906,0.43751155382039564,3.1219686360804557,0.13910906828739666,13.036501509150217,-22.89249897447945,0.9985251682068543,3.261164253944388,0.6476876366594754,11.852467534470746,1
8.46503183389167,0.48461921743926323,0.26848519814984273,1.9946473678532881,0.12556266251627612,14.28398740585936,58.43451534499085,0.9948962837082151,3.388004070221291,0.737405479680592,10.726744764602321,1
9.946696483905912,0.4361898411079984,0.551189386389105,4.123061724709947,0.11084187946204299,14.627777634901584,125.7759845578493,1.0011163985713365,3.228764451506621,0.6510275631697501,10.700474359610828,1
7.106509740408502,0.419807991319484,0.2846999784530475,0.9865113413601438,0.13713371041069022,22.2762954363698,45.80573083072341,0.9948715048026853,3.4306945946185863,0.580178257515749,11.022207144043403,1
7.742974350783795,0.6644323564935742,0.10635600174762992,3.362309849721969,0.1419568927509466,15.519458858072994,72.83170478245253,0.9963691026063941,3.0981030479629874,0.6324624313718671,9.261166882219232,0
7.633416139675333,0.5806926326140581,0.5593935746812349,3.3303417611557373,0.15196147257876377,22.326400772155793,48.61853947352208,0.9990842199051357,3.318956936931962,0.6358619265271463,11.43911178742027,0
5.812024588175399,0.4022053688056888,,2.0666349849604138,0.1174893647167132,14.192834198914177,42.83553109788343,1.0000121857763182,3.5908393498587423,0.5907982352188595,10.32423571346454,1
8.80340447100978,0.6729319788236526,0.0729232306779733,2.956586231138965,0.07914545022510784,15.786351903160906,75.41044745560859,1.0001230071532727,3.1499503013091634,0.6085926299732637,11.070480617241213,1
8.743793962705812,0.5722409185490236,0.23383565116411445,0.7484409930605757,0.09389554326236617,-4.982006845321076,36.711214585963155,0.9984167324611862,3.198338254421272,0.9057835472807547,9.328142766959845,1
8.308692876292184,0.6581865602026232,0.10363253185689611,3.793637826889661,0.14370592142589275,24.163276747024813,54.556554050300896,0.9980481250516229,3.377086177448837,0.7397471116705983,8.846241233983935,0
7.90120187326225,0.6270369031270141,0.007268051116776121,2.2411370089798153,0.0486040234635999,18.464884758979927,56.294329798272436,0.9971850538984024,3.3269372672909396,0.6027231491153343,11.21788965802503,0
5.893869738514296,0.3790708481432477,0.44597373403101187,1.7681877712733447,0.10432764551702635,24.98010109859652,24.62110548342244,0.9975567221523333,3.3525945148910337,0.7615127047217177,10.776409526097517,1
7.58490295129889,0.42476922316651516,0.6327891616893249,3.968612916171645,0.06851307582061404,-13.962553781936894,77.74535518516873,0.994897628567343,,0.5965888816390384,9.49794844564249,0
7.717385321904493,0.6470399128709545,0.004272160974363185,1.5139188332401372,0.08835100667793641,35.883747047807276,40.40128778574692,0.9943636022331553,3.3952082202842653,0.8376999420138627,9.530336918725306,0
6.936128642323249,0.623762945123689,0.3769641549712085,0.5281541850910166,0.14708723754254302,13.604103718448263,21.81615489622897,0.9959932510851781,3.4664549762934334,0.7091427507516951,11.52543478441477,1
8.025814290167785,0.5164467290260948,0.14637791186685287,0.3207191570665349,0.09598165619693545,26.081828167375164,63.16831499425291,0.9956596307549501,3.3614727985392765,0.6328316569593234,9.210588107132672,1
8.986886456584715,0.5399456551624929,0.17744617708470772,3.3484139318838952,0.08918251776333899,4.600940728744691,17.249024582686808,0.9950935439013454,3.2638113518072185,0.7216347081296444,12.042672953255964,1
11.506516032057903,0.7372030322840323,0.15744515439461487,0.7073989065052038,0.02308676137394379,21.127739050625696,46.9017970358121,0.9973927748949134,3.4008860551804094,0.39865981566904013,9.499379265352133,1
8.596782281814127,0.4194328638979089,0.10584175376083498,4.95671185477811,0.12207391760327936,4.465844368263438,45.708192107385486,0.997910610417141,3.584982290234282,0.46971720497443115,11.038391925608384,1
8.7378356642287,0.6130065547989064,0.27921910930951716,-0.41470117103721066,0.11733775651363054,8.762310393041949,80.74865810661049,0.9961768137725837,3.280104938042614,0.45897199897615115,10.071381524251017,1
8.173441943197517,0.48562724908623806,0.11211947788190284,4.875038915606053,0.18867297199535663,34.14031353866786,61.19034345215849,0.9989550601621106,,0.6728708951621931,11.003187431082344,1
5.03808893399163,0.48299419545137257,0.3213867968981694,2.795424454083666,0.07253442295720897,13.093175992366534,45.199137320155394,0.993716621771733,3.466062100393046,0.9272023999176148,9.855885997885808,0
8.254926411736331,0.7067920648378224,0.260454759204664,2.3646016433814507,0.09730006540020511,17.174328731797228,72.16852157440918,0.9956126810814405,3.28194282540696,1.0070080233908212,10.237207093927706,1
8.402391356899745,0.6603207793279651,0.22459987109538215,1.7371132784674708,0.09872103313440549,23.70067730688754,90.48664156855403,0.9945663553587943,2.9740995680978943,0.7520881762305212,10.440919175395722,1
12.487511591224987,0.6582966381201085,0.09756290421209642,3.058790560092899,0.16114030414888328,19.956818879726043,63.84992980325959,0.9922669267658539,3.427113251572563,0.7301351159911131,9.397812544218528,1
7.972986359872093,0.741931397216236,0.1604134471920168,2.447311416605212,0.08252110997781324,16.504189051435763,46.33128383498818,0.9958346386283146,3.2197007721069113,0.3618307625355618,11.140824345420127,1
8.812630481967142,0.523570653077569,,4.0446226348231304,0.10011401171120594,18.649610024662252,4.021240564794894,0.9957565049832334,3.286420007654376,0.5631721920425565,9.886786433528416,1
8.240989991501086,0.6359320051201439,0.36517426564863237,2.6599187081268556,0.11557113595667734,39.03415585238275,11.916362781588077,0.9990268994864843,3.349797049585352,0.5239545996946818,10.171400084659982,1
6.313247336046796,0.4672546513791125,0.08426450348827531,2.7104224660466287,0.09577062878834883,14.423812029664147,36.232809460650635,0.9972616233691095,3.3285749519668597,0.5506643842798215,9.405650625391488,0
10.242798784675536,0.5751082799230351,0.28887313803155296,1.9909429029006018,0.06601762011612516,17.010990467149675,26.49560953090294,0.9939516263513416,3.4064177725708555,0.6230969890264337,7.83766634120469,0
9.578286155567517,0.4978756807574936,0.4127635534406399,2.4202761267905055,0.09612222966622046,25.50654396007612,40.016918304465726,0.9997081851326683,3.234677044414523,0.5744655075684597,10.20897223739983,0
9.64475430997318,0.5364893140487621,-0.04718700341306062,2.930922476448883,0.1374606922434093,26.05525932957984,47.812797596707426,0.9984420673910507,3.3769658697264124,0.333312030339874,12.812615421612916,1
6.754041326848944,0.6211766943242754,0.3732384365521877,0.10576425028072467,0.03875378092768016,26.870303055603802,62.95016813941538,0.9971641954069372,3.2610679983624125,0.7696656409788054,11.184604287898024,1
10.684750328591369,0.38090248385030967,0.14410148580028914,0.6125404090520019,0.09324957468490316,21.387302220291847,43.744039102109085,0.9955470318023003,3.410821572133125,0.478361115881631,10.380739620265606,1
5.916853193253123,0.8757058368665283,0.3784137470327003,3.540569731631801,0.054094321697858855,3.5699508726951645,61.56805260243846,0.994081121526553,3.392305122601958,0.6882794982577839,10.137109170791733,1
9.29765705946046,0.3489770451450507,0.12498076025692181,2.7392116133791187,0.14316719155946758,31.33431532301096,48.063181273923846,0.9952555864478579,3.1596841946933107,0.9818532271599958,10.422465892812047,1
12.023774563876964,0.3135879358260855,-0.07292759912625861,2.2424233291062494,0.015410215475162583,3.53654606981312,-17.21493012332388,0.9981774972394084,,0.5028984653461723,10.94711911517521,1
6.616088247277831,0.7168788484950116,-0.03923306319780089,2.5258075062915504,0.06073067317823534,18.02635465239033,15.941267397799862,0.9997691726118693,3.2196054832328924,0.24515399636058727,9.219187184691155,0
7.337293859675288,0.6545826579736991,0.2791361398656626,2.9866143875063393,0.10472895812803247,7.457241499806421,41.389198216908305,0.9990864870565443,3.4212086697421715,0.6042393244991823,11.514321694668872,1
8.46940732064899,0.6261003688988664,,1.7443364475668939,0.160579629374014,14.358616534070073,7.289768229084558,0.9950223011564274,3.355093097010201,0.8261535415997714,11.115381315441244,1
7.444091388002462,0.6268187365749276,0.09817984123016238,1.4103733844367623,0.08390973772956957,18.28762410303481,65.19771935987855,0.9937607651334219,3.575727551519268,0.963335592675295,11.118185725707935,1
5.663872167187575,0.5179180486160245,0.39133256716770104,2.7741833571367542,0.06090562224541968,18.21357215450273,94.98402663499832,0.9962817724938224,3.266480102644222,0.45327206488761335,10.838475738809727,0
8.416557057170246,0.36746675684740865,-0.04568881183110236,1.1302781113389553,0.17541438226370773,19.219207542352848,85.00037925431414,0.9924631212688743,3.24760248058227,0.7294718757178434,10.41961665769399,1
6.494083686665623,0.5328867748929335,0.25744483825700987,3.0715538580002604,0.018943346680436526,31.13711269058647,39.16982813023334,0.9966463354283696,3.2970870591168397,0.5755503269151915,11.07286123596682,0
9.105107132079809,0.40488250904294104,0.03990692204513329,0.1163829540670236,-0.016343879961143858,19.535343015139798,93.70323637919847,0.9957047948274027,3.2545230325748586,0.6330482633113383,10.991814133741379,1
6.736978801802535,0.6857703546810178,0.14615113951758976,3.940817892255901,0.10768067915250662,12.558433647093512,50.75735863046758,0.9950679269962636,3.4199912852913075,1.0730949355227255,10.045959289058976,1
10.934888488529818,0.4950002451446364,0.2790057475501187,3.16163647537826,0.06340345145542726,24.640871682883578,35.21324892422273,0.9928105938654664,3.0575534087345115,0.40952474745677553,9.8263982271031,1
6.968469403028398,0.37966547654527305,0.10652146059604906,2.858441628039426,0.03900205759485647,26.894704889246405,26.371114766689928,0.9970272002131394,3.141947637128047,0.6905983458391318,10.501856295261987,1
7.752495422450353,0.4653644069189911,0.1969344465963332,3.8757673775237196,0.1202927530230696,2.7239218486300754,36.32097003237989,0.9949345983206762,3.1398295617631207,0.7248309074824694,11.949020151495187,1
9.68297926952844,0.5901983472268562,0.46119563375074374,4.831664222247607,0.09845863354724634,20.974000698498582,33.57834180668068,0.9936601663285795,3.442546138796036,0.8237258119902956,9.160892924346099,0
6.207530662062277,0.4241668260233243,0.16039054479060175,3.9201180910253823,0.06048830435537376,22.011727423108983,51.45331911601561,0.9902554755734367,3.5565920058872886,0.6656773045553432,8.93247473424756,0
8.686681888827021,0.38022253275370665,0.42878150129237697,-0.07722392386430325,0.026825693262467958,12.02436496640008,51.138367393595665,0.9959449701898987,3.284332617219379,0.6992880863206564,10.564760841236517,1
10.522142682280128,0.5614268259536251,0.055355697615052574,0.708592246570018,0.12800549442916678,28.757068133116196,46.09747264490926,0.9995445031933395,3.2746767415214983,0.5873362292125135,10.450887701856018,1
5.567278501245914,0.561644317088483,0.37066279380390377,1.6252539912260497,0.11755945536405706,13.499444129674728,59.9820214318832,0.9993225184290957,3.3105078244669772,0.6930603105992172,10.573341664370409,0
8.613877559504918,0.43381966018690793,0.5438980379250011,2.5365274702951672,0.082338734402369,16.255764534715425,84.10068079316292,0.9950858074868274,3.4742817453912282,0.5950892359204143,10.6439531979085,0
8.741800750222321,0.4399234880448851,-0.19961245502418495,3.2247226286567723,0.1737919388142403,13.269281757161304,76.38573233412237,0.9947955758792765,3.1608970298714136,0.7494515023769681,10.176797745365196,0
9.629098882021427,0.5594484893507982,0.11858990146060942,1.4839586615851483,0.03670601598267082,15.155790475814676,-1.5167349903969125,0.99693754851215,3.3357553474102177,0.5908623462330186,11.889863438602083,1
6.197183791507261,0.2738256619454549,0.3796437041643026,2.7614734702679096,0.015300316966537268,4.037249131047982,-35.725476316862554,0.9940032291216234,3.4462796444673645,0.7103360630243498,8.799096021523486,0
6.055223757756731,0.2807311583559856,0.2314213766518314,1.4424638947053485,0.0544803207155815,0.5994911740570563,75.89823715965676,0.996603583799639,3.3751641254909766,0.6453179498104035,9.571502975219754,0
9.187300661548727,0.3978644823870859,0.3405177159405487,1.6438750758112726,0.0848574572312916,30.94505063224972,2.259881650706525,0.9975321605567694,3.3284372424898114,0.830168040123547,10.296745239850953,1
8.804873944496418,0.483713984208986,0.1552428145239941,0.530674464412489,0.09843695411816651,6.530386516816722,38.80750713943413,0.9984538664477686,3.450156913885071,0.6417770042258423,8.756811188845834,0
8.725837845587991,0.5728542861516608,0.286452059619851,1.2074734554447342,0.07566190528075249,5.086076505436928,8.556383166100495,0.9957996918470401,2.8945151560501143,0.366314805086899,10.22414559556793,1
8.88896195614486,0.7708105568814239,0.24042132527550492,0.607641552137133,0.10354660363617195,-6.533901136037148,-11.66337400256063,0.995592652499646,3.401681297929636,0.8519074401142387,12.061470165728018,1
7.143957973316566,0.6658021359443433,0.4918785917153634,1.1337774458317342,0.02817764706304911,8.610382523104978,63.32680730255322,0.9942440348264868,3.201888647530886,0.505082831861981,10.420886488295961,1
8.694831285173708,0.4928104499062174,0.3183399602272305,3.9750985152509752,0.1548569363914432,1.7691020659250145,70.2929651296847,0.9943462392919202,3.0254050654715314,0.5453973858161888,10.630700905718683,0
8.798223204607758,0.5167672446565429,0.33414450579428845,1.1708415556352798,0.08313889461554926,31.420151601363692,27.551667176744978,0.9955470422161969,3.376680389928747,0.5546941929530412,9.13983523482742,1
7.085602589355175,0.3495700080115725,0.19174337643673123,6.185334890772347,0.139512904084642,25.098170893426342,-36.913353348637116,0.9967347310136323,3.5060487817744437,0.8699100949073308,9.783638591960523,0
11.471816668946087,0.5168527668812938,0.17735481742622625,3.190645061233245,0.10310809127975208,8.118496548222762,28.520177655920552,0.9978271692524665,3.279382722805846,0.30829212576340864,10.024803619676064,0
9.105515965550039,0.4709280313835766,0.18781394431427204,2.7587705731728236,0.10846740130022783,37.52435805344309,58.537728172881486,0.9943936420986393,3.4429311820804407,1.1520397653855992,10.082284903243766,1
6.274784054755498,0.5748621552574752,,1.2982991077463013,0.11377906217091356,24.81765486991594,-1.3251702007721136,0.998985377137919,3.5418417386982965,0.8189690894505683,11.681643795003769,0
9.416141134677511,0.3793707395961051,0.19001294864415005,3.4804338311725878,0.10804230232081379,11.751686164913776,51.86751743293298,0.9954577527979148,3.497237168037607,0.6857182262606656,10.957691060725125,1
6.643041160613555,0.6082889074209993,0.32505722281031846,1.6941070432671166,0.11720796971377456,-9.994057148735727,45.510084826464144,0.9959572654113031,3.545994679405709,0.6412169599013942,9.288542043062968,0
9.63804382636217,0.7805656152104382,0.6643261517426333,2.670813740503506,0.14947016891622428,37.90942572590741,64.53732798723483,0.9945055766417044,3.4113191236607836,0.6956886519772252,10.646504778432005,0
10.269612484312587,0.5015107747623342,0.4355136936520216,6.084118353576312,0.09623649497596909,1.1042753323640397,49.8265717892529,0.9911515194794541,3.3113150458352387,0.7333795885406942,10.898221748496786,0
6.904840058802093,0.5882909927568201,0.2080555288881102,2.3655161403854903,0.12032317660666007,-1.4539874695689181,14.861793891790224,0.9977680907927221,3.0597051282154246,0.7532344937520091,11.540149038521267,1
9.937739419715347,0.6373244785908891,0.4982306452111495,4.108982656799946,0.08278242236850034,25.2257043200964,84.29028805326372,0.9974736877941849,3.2630906267805075,0.7388967145605517,11.980540686568373,1
9.001727575792048,0.4517925197794079,0.19246567912590526,1.5155530048237578,0.15468550912612522,39.39752406339273,40.92705366313696,0.9954373448857635,3.173513010702571,0.6643329090008399,9.384905808172132,1
9.697502271990635,0.5580957219077709,-0.11724366168379222,2.4510161133042536,0.05520956180321432,28.84272818510518,45.12625473568218,0.9961339814344498,3.6256414076246717,0.6184258527508278,9.589142488789662,0
11.524548070511711,0.5221407081329051,0.07846360092569324,4.979120889889714,0.17164420034680833,20.639091200523595,16.135425309657727,0.9970318784354082,3.2736171281351494,0.6257962746154382,9.142422141085383,0
7.882840202795121,0.5366049367533015,-0.08545046499491256,1.6222461190971258,0.08511257631971586,20.94754341665286,31.81496796187167,0.9928749082862269,3.3184807210176728,0.618814675143571,10.16598014089302,0
7.018648520592269,0.3885883367445707,0.20321243803215136,5.0374279811957,0.01975357020045173,23.534155587803077,17.68631315113917,0.9949418946453074,3.38272280640607,0.8314032154987303,10.866358374446335,1
6.787825469636611,0.5241667296240202,,3.4908527096376654,0.09302090750080709,22.58928589786765,40.465726082450466,0.9975885293592437,3.306540366955868,0.744969075564938,11.387334516589103,1
6.913122515558755,0.6046597095117264,0.5885230893323037,1.7125465137480254,0.05499057209868059,17.811914239693756,100.77467136455499,0.9934914211536615,3.5542576560646126,0.17953781845371516,10.324048976357478,0
8.168927093996023,0.7666944133251571,0.3321162010151909,3.385370834677729,0.12651024680247003,16.042011039518762,2.099163426196597,0.9965871158643332,3.206602595739832,0.7549441242447618,10.080152476745157,0
8.879958357188295,0.6830760404344852,0.2283708995263158,3.8615762294774214,0.05632667297278761,14.374068721004775,-5.633964732055716,0.9932868363907532,3.3291911182855864,0.681157791155004,10.55175799224874,1
8.770374358861034,0.8860410177769646,,3.3705339471040747,0.06602937863890534,7.4603541113332374,93.07745047979547,0.996932859964867,3.1886294121452927,0.6470065989686564,9.564857098369977,0
9.70621152336124,0.3895509143090316,-0.15011570871149815,0.30168539215336115,-0.0018084143544399626,12.19324923133226,39.301642331140286,0.995928717035405,3.101996623316894,0.5878370475057783,12.489538721694775,1
8.322103216192442,0.6682945082425154,0.31476676604062753,1.482007953845184,0.06574160299529339,-1.9295681419538546,24.58967236288267,0.992769736368189,3.208234636364207,0.8298580351977621,8.792338972881941,0
10.77100793116744,0.5511681409755198,0.4164643868385237,2.1534739102278935,-0.02692232835156097,14.0166037320525,79.27694999667445,0.9983294787089143,3.294444480442738,0.8016042339396573,10.584740578895724,0
7.850083383495475,0.8922664986470044,-0.010931386698169879,2.395793199259935,0.012556567296170999,5.114088928490824,26.62030272842035,0.9945308168464039,3.235604666322411,0.5263395731482226,12.42360621922964,1
12.924287583202352,0.3825892914896243,0.48731326820931653,3.368940936570949,0.12273948883878197,3.9641068278422886,104.43231083350196,0.9943794951259712,3.1961368530189214,0.7151283659399257,10.406799844559998,1
9.36363449120051,0.37724728682926806,0.3343143174239387,2.7487814013065552,0.12393260745658911,16.798941511534785,67.69362788285662,0.9964011383944619,3.0890523804492247,0.49453492247339426,10.209960964998507,0
6.842832154092321,0.4181032502745162,0.19109529635884778,0.6305178978058583,0.10699650540389334,28.920022863445993,30.386834939337515,0.9982972746988574,3.2875341641056957,0.4292610936337712,10.042554577189573,0
6.47948275329611,0.15893772686733282,0.3902285545601941,3.0322769914083483,0.041552121272926984,24.183166060023133,115.03386282449611,0.9939683563620432,3.0742919438953495,0.5497252440656056,10.219608318237592,1
9.120203105913415,0.43062164631427063,0.7014316429828352,3.3548200433973525,0.08475756626132694,-0.7050060362317745,26.61712246389317,0.9961233596996959,3.41400839455344,0.7879829555812414,11.77284847467653,1
7.920113264946054,0.39094744753587135,0.3045545884611141,3.283706627103456,0.08683068066274328,5.103718634296625,69.74705190429782,0.9968576330006611,3.3123659629401754,0.8025000072601739,8.188138088670494,0
9.513800839956557,0.5455669437009553,0.3171619113970639,4.01309301577647,0.0325568596079505,24.407711879882157,55.57736257300774,0.9973862112145263,3.08136727508026,0.7320936672155669,11.933433701296327,1
9.104503961775027,0.5780985158821171,0.18272142908735364,3.6674910163684658,0.15765972018305607,5.175126064616904,87.65572126076154,0.9963528831105545,3.2536186384425205,0.7660153258956796,8.976042847549856,0
8.176190848483317,0.8389490426667007,0.10852956980168957,3.142852110919811,0.12823602765705655,12.753668500029754,95.96835829525929,0.9952659443218334,3.1871765391614124,0.7325885259383934,10.133347670765586,0
6.860450679283712,0.6815720524916286,0.4277638051434067,2.401768003957894,0.07661468383000579,20.50052099024552,47.02413277010453,0.9943448195587026,3.347876176562877,0.5473629447643277,9.970755579701338,0
5.724759718034031,0.4219263785373915,0.10734407307731525,0.17465469307761283,0.08826363443274295,5.316555451363647,21.89062814892213,0.9961722877660928,3.5010675669034717,0.7191076071478305,10.988553269770721,1
7.540924581486065,0.36726950587077917,0.2835975850716846,3.1014655067856203,0.09679399197353496,16.0537550614596,60.719108574051724,0.9938557219760288,3.018724129553138,0.7780655240364293,8.801875648116253,0
9.755877950349904,0.603626259156106,0.17924508511462786,2.7907627620283555,-0.008961538815941666,1.6597450508179556,24.313108167932604,0.9901572990330108,3.3172539118721125,0.7706866127701719,10.862172666081943,0
8.663959365021347,0.29556035480649084,0.36100616689181453,2.880210372073523,0.07538266302153193,8.986323560487863,110.42839192085194,0.9968731196083154,3.2759800806650037,0.8402261394359429,12.424309623286852,1
6.182244076189622,0.8313479901952402,0.33339580000452024,0.7125519938515666,0.05494674034410346,18.19781934142537,50.3691305946476,0.9978078696821724,3.4007010114675698,0.7633286155521702,9.03682599540719,0
8.59440757394701,0.7205048205226188,0.46713258940900093,0.9865208434284327,0.03992385953493897,-0.9299373353166929,34.309710358012524,0.9912741351289163,3.3319794942356533,0.7062317132066532,10.589706167610396,0
8.955039545539023,0.44024013914220017,0.17309688421759806,3.974413994666065,0.07378828623436011,19.40474737960399,51.90976978767707,0.9939805385905801,3.187204600239177,0.8212240381306284,9.73801782220339,0
6.797442358458075,0.22876713005455074,0.21872376229425947,2.444622784600683,0.17149126676192755,14.803622010733188,2.8919587350497125,0.9972383085220103,,0.6457565985201504,10.825887206193036,0
8.561332680107398,0.7501583036081203,0.08403489400136162,3.454100976321674,0.11711961447954945,20.52489954417148,14.908350767659151,1.0001149909394234,,0.5089000558035651,10.419147777415752,0
8.3989548213582,0.500528226307055,0.18558428058553886,2.539645726582643,0.06015458748020854,17.239141340646615,84.41324505422162,0.9960415874153508,3.4614010707897895,0.6239092857689978,9.758513090955692,0
6.3569504936879415,0.7304287730354885,0.3416870936785219,2.5416585952940407,0.11391139072373944,28.641404299738443,24.979383072915336,0.9945439941175417,3.3031967473007913,0.5308155768309681,10.887872284871074,0
9.144414060119097,0.5808238512592082,-0.03294125517092973,3.5597840633034927,0.13109933888087189,28.99355436586002,50.007184084733034,0.9939061780346361,3.272565533834274,0.9541905097204813,9.724821725025619,1
8.064950688008986,0.6153333694825999,0.15611874563878317,1.2089685461513244,0.06274589777378342,24.24633682912769,32.2590226839919,0.9970733055050546,3.5062314628722278,0.6402942697896608,10.255481329284482,0
9.401070514771177,0.7041187113397971,0.2709963029464548,3.7174482881479243,0.09151767651622622,15.59630369920174,49.913520097033086,0.998371408309326,3.2031053731313195,0.536654917294326,9.607580079000039,1
10.889150755893644,0.6991463488459335,0.278926312815301,4.397893002326931,0.06527306143086299,8.530632222944261,63.385536929164424,0.9974379066213301,3.180121199002462,0.4078056971819477,10.09203847036096,0
7.90193926297033,0.2857962074472945,0.18448756041894374,3.078808864513181,0.06657867731068116,21.9822331361359,47.56352225042254,0.9979920953716116,3.227588471672695,0.3614976517990488,8.506385333046214,0
